date,cpi_value,year,month
2025-03-01,319.799,2025,3
2025-02-01,319.082,2025,2
2025-01-01,317.671,2025,1
2024-12-01,315.605,2024,12
2024-11-01,315.493,2024,11
2024-10-01,315.664,2024,10
2024-09-01,315.301,2024,9
2024-08-01,314.796,2024,8
2024-07-01,314.540,2024,7
2024-06-01,314.175,2024,6
2024-05-01,314.069,2024,5
2024-04-01,313.548,2024,4
2024-03-01,312.332,2024,3
2024-02-01,310.326,2024,2
2024-01-01,308.417,2024,1
2023-12-01,306.746,2023,12
2023-11-01,307.051,2023,11
2023-10-01,307.671,2023,10
2023-09-01,307.789,2023,9
2023-08-01,307.026,2023,8
2023-07-01,305.691,2023,7
2023-06-01,305.109,2023,6
2023-05-01,304.127,2023,5
2023-04-01,303.363,2023,4
2023-03-01,301.836,2023,3
2023-02-01,300.840,2023,2
2023-01-01,299.170,2023,1
2022-12-01,296.797,2022,12
2022-11-01,297.711,2022,11
2022-10-01,298.012,2022,10
2022-09-01,296.808,2022,9
2022-08-01,296.171,2022,8
2022-07-01,296.276,2022,7
2022-06-01,296.311,2022,6
2022-05-01,292.296,2022,5
2022-04-01,289.109,2022,4
2022-03-01,287.504,2022,3
2022-02-01,283.716,2022,2
2022-01-01,281.148,2022,1
2021-12-01,278.802,2021,12
2021-11-01,277.948,2021,11
2021-10-01,276.589,2021,10
2021-09-01,274.310,2021,9
2021-08-01,273.567,2021,8
2021-07-01,273.003,2021,7
2021-06-01,271.696,2021,6
2021-05-01,269.195,2021,5
2021-04-01,267.054,2021,4
2021-03-01,264.877,2021,3
2021-02-01,263.014,2021,2
2021-01-01,261.582,2021,1
2020-12-01,260.474,2020,12
2020-11-01,260.229,2020,11
2020-10-01,260.388,2020,10
2020-09-01,260.280,2020,9
2020-08-01,259.918,2020,8
2020-07-01,259.101,2020,7
2020-06-01,257.797,2020,6
2020-05-01,256.394,2020,5
2020-04-01,256.389,2020,4
2020-03-01,258.115,2020,3
2020-02-01,258.678,2020,2
2020-01-01,257.971,2020,1
2019-12-01,256.974,2019,12
2019-11-01,257.208,2019,11
2019-10-01,257.346,2019,10
2019-09-01,256.759,2019,9
2019-08-01,256.558,2019,8
2019-07-01,256.571,2019,7
2019-06-01,256.143,2019,6
2019-05-01,256.092,2019,5
2019-04-01,255.548,2019,4
2019-03-01,254.202,2019,3
2019-02-01,252.776,2019,2
2019-01-01,251.712,2019,1
2018-12-01,251.233,2018,12
2018-11-01,252.038,2018,11
2018-10-01,252.885,2018,10
2018-09-01,252.439,2018,9
2018-08-01,252.146,2018,8
2018-07-01,252.006,2018,7
2018-06-01,251.989,2018,6
2018-05-01,251.588,2018,5
2018-04-01,250.546,2018,4
2018-03-01,249.554,2018,3
2018-02-01,248.991,2018,2
2018-01-01,247.867,2018,1
2017-12-01,246.524,2017,12
2017-11-01,246.669,2017,11
2017-10-01,246.663,2017,10
2017-09-01,246.819,2017,9
2017-08-01,245.519,2017,8
2017-07-01,244.786,2017,7
2017-06-01,244.955,2017,6
2017-05-01,244.733,2017,5
2017-04-01,244.524,2017,4
2017-03-01,243.801,2017,3
2017-02-01,243.603,2017,2
2017-01-01,242.839,2017,1
2016-12-01,241.432,2016,12
2016-11-01,241.353,2016,11
2016-10-01,241.729,2016,10
2016-09-01,241.428,2016,9
2016-08-01,240.849,2016,8
2016-07-01,240.628,2016,7
2016-06-01,241.018,2016,6
2016-05-01,240.229,2016,5
2016-04-01,239.261,2016,4
2016-03-01,238.132,2016,3
2016-02-01,237.111,2016,2
2016-01-01,236.916,2016,1
2015-12-01,236.525,2015,12
2015-11-01,237.336,2015,11
2015-10-01,237.838,2015,10
2015-09-01,237.945,2015,9
2015-08-01,238.316,2015,8
2015-07-01,238.654,2015,7
2015-06-01,238.638,2015,6
2015-05-01,237.805,2015,5
2015-04-01,236.599,2015,4
2015-03-01,236.119,2015,3
2015-02-01,234.722,2015,2
2015-01-01,233.707,2015,1
2014-12-01,234.812,2014,12
2014-11-01,236.151,2014,11
2014-10-01,237.433,2014,10
2014-09-01,238.031,2014,9
2014-08-01,237.852,2014,8
2014-07-01,238.250,2014,7
2014-06-01,238.343,2014,6
2014-05-01,237.900,2014,5
2014-04-01,237.072,2014,4
2014-03-01,236.293,2014,3
2014-02-01,234.781,2014,2
2014-01-01,233.916,2014,1
2013-12-01,233.049,2013,12
2013-11-01,233.069,2013,11
2013-10-01,233.546,2013,10
2013-09-01,234.149,2013,9
2013-08-01,233.877,2013,8
2013-07-01,233.596,2013,7
2013-06-01,233.504,2013,6
2013-05-01,232.945,2013,5
2013-04-01,232.531,2013,4
2013-03-01,232.773,2013,3
2013-02-01,232.166,2013,2
2013-01-01,230.280,2013,1
2012-12-01,229.601,2012,12
2012-11-01,230.221,2012,11
2012-10-01,231.317,2012,10
2012-09-01,231.407,2012,9
2012-08-01,230.379,2012,8
2012-07-01,229.104,2012,7
2012-06-01,229.478,2012,6
2012-05-01,229.815,2012,5
2012-04-01,230.085,2012,4
2012-03-01,229.392,2012,3
2012-02-01,227.663,2012,2
2012-01-01,226.665,2012,1
2011-12-01,225.672,2011,12
2011-11-01,226.230,2011,11
2011-10-01,226.421,2011,10
2011-09-01,226.889,2011,9
2011-08-01,226.545,2011,8
2011-07-01,225.922,2011,7
2011-06-01,225.722,2011,6
2011-05-01,225.964,2011,5
2011-04-01,224.906,2011,4
2011-03-01,223.467,2011,3
2011-02-01,221.309,2011,2
2011-01-01,220.223,2011,1
2010-12-01,219.179,2010,12
2010-11-01,218.803,2010,11
2010-10-01,218.711,2010,10
2010-09-01,218.439,2010,9
2010-08-01,218.312,2010,8
2010-07-01,218.011,2010,7
2010-06-01,217.965,2010,6
2010-05-01,218.178,2010,5
2010-04-01,218.009,2010,4
2010-03-01,217.631,2010,3
2010-02-01,216.741,2010,2
2010-01-01,216.687,2010,1
2009-12-01,215.949,2009,12
2009-11-01,216.330,2009,11
2009-10-01,216.177,2009,10
2009-09-01,215.969,2009,9
2009-08-01,215.834,2009,8
2009-07-01,215.351,2009,7
2009-06-01,215.693,2009,6
2009-05-01,213.856,2009,5
2009-04-01,213.240,2009,4
2009-03-01,212.709,2009,3
2009-02-01,212.193,2009,2
2009-01-01,211.143,2009,1
2008-12-01,210.228,2008,12
2008-11-01,212.425,2008,11
2008-10-01,216.573,2008,10
2008-09-01,218.783,2008,9
2008-08-01,219.086,2008,8
2008-07-01,219.964,2008,7
2008-06-01,218.815,2008,6
2008-05-01,216.632,2008,5
2008-04-01,214.823,2008,4
2008-03-01,213.528,2008,3
2008-02-01,211.693,2008,2
2008-01-01,211.080,2008,1
2007-12-01,210.036,2007,12
2007-11-01,210.177,2007,11
2007-10-01,208.936,2007,10
2007-09-01,208.490,2007,9
2007-08-01,207.917,2007,8
2007-07-01,208.299,2007,7
2007-06-01,208.352,2007,6
2007-05-01,207.949,2007,5
2007-04-01,206.686,2007,4
2007-03-01,205.352,2007,3
2007-02-01,203.499,2007,2
2007-01-01,202.416,2007,1
2006-12-01,201.8,2006,12
2006-11-01,201.5,2006,11
2006-10-01,201.8,2006,10
2006-09-01,202.9,2006,9
2006-08-01,203.9,2006,8
2006-07-01,203.5,2006,7
2006-06-01,202.9,2006,6
2006-05-01,202.5,2006,5
2006-04-01,201.5,2006,4
2006-03-01,199.8,2006,3
2006-02-01,198.7,2006,2
2006-01-01,198.3,2006,1
2005-12-01,196.8,2005,12
2005-11-01,197.6,2005,11
2005-10-01,199.2,2005,10
2005-09-01,198.8,2005,9
2005-08-01,196.4,2005,8
2005-07-01,195.4,2005,7
2005-06-01,194.5,2005,6
2005-05-01,194.4,2005,5
2005-04-01,194.6,2005,4
2005-03-01,193.3,2005,3
2005-02-01,191.8,2005,2
2005-01-01,190.7,2005,1
2004-12-01,190.3,2004,12
2004-11-01,191.0,2004,11
2004-10-01,190.9,2004,10
2004-09-01,189.9,2004,9
2004-08-01,189.5,2004,8
2004-07-01,189.4,2004,7
2004-06-01,189.7,2004,6
2004-05-01,189.1,2004,5
2004-04-01,188.0,2004,4
2004-03-01,187.4,2004,3
2004-02-01,186.2,2004,2
2004-01-01,185.2,2004,1
2003-12-01,184.3,2003,12
2003-11-01,184.5,2003,11
2003-10-01,185.0,2003,10
2003-09-01,185.2,2003,9
2003-08-01,184.6,2003,8
2003-07-01,183.9,2003,7
2003-06-01,183.7,2003,6
2003-05-01,183.5,2003,5
2003-04-01,183.8,2003,4
2003-03-01,184.2,2003,3
2003-02-01,183.1,2003,2
2003-01-01,181.7,2003,1
2002-12-01,180.9,2002,12
2002-11-01,181.3,2002,11
2002-10-01,181.3,2002,10
2002-09-01,181.0,2002,9
2002-08-01,180.7,2002,8
2002-07-01,180.1,2002,7
2002-06-01,179.9,2002,6
2002-05-01,179.8,2002,5
2002-04-01,179.8,2002,4
2002-03-01,178.8,2002,3
2002-02-01,177.8,2002,2
2002-01-01,177.1,2002,1
2001-12-01,176.7,2001,12
2001-11-01,177.4,2001,11
2001-10-01,177.7,2001,10
2001-09-01,178.3,2001,9
2001-08-01,177.5,2001,8
2001-07-01,177.5,2001,7
2001-06-01,178.0,2001,6
2001-05-01,177.7,2001,5
2001-04-01,176.9,2001,4
2001-03-01,176.2,2001,3
2001-02-01,175.8,2001,2
2001-01-01,175.1,2001,1
2000-12-01,174.0,2000,12
2000-11-01,174.1,2000,11
2000-10-01,174.0,2000,10
2000-09-01,173.7,2000,9
2000-08-01,172.8,2000,8
2000-07-01,172.8,2000,7
2000-06-01,172.4,2000,6
2000-05-01,171.5,2000,5
2000-04-01,171.3,2000,4
2000-03-01,171.2,2000,3
2000-02-01,169.8,2000,2
2000-01-01,168.8,2000,1
1999-12-01,168.3,1999,12
1999-11-01,168.3,1999,11
1999-10-01,168.2,1999,10
1999-09-01,167.9,1999,9
1999-08-01,167.1,1999,8
1999-07-01,166.7,1999,7
1999-06-01,166.2,1999,6
1999-05-01,166.2,1999,5
1999-04-01,166.2,1999,4
1999-03-01,165.0,1999,3
1999-02-01,164.5,1999,2
1999-01-01,164.3,1999,1
1998-12-01,163.9,1998,12
1998-11-01,164.0,1998,11
1998-10-01,164.0,1998,10
1998-09-01,163.6,1998,9
1998-08-01,163.4,1998,8
1998-07-01,163.2,1998,7
1998-06-01,163.0,1998,6
1998-05-01,162.8,1998,5
1998-04-01,162.5,1998,4
1998-03-01,162.2,1998,3
1998-02-01,161.9,1998,2
1998-01-01,161.6,1998,1
1997-12-01,161.3,1997,12
1997-11-01,161.5,1997,11
1997-10-01,161.6,1997,10
1997-09-01,161.2,1997,9
1997-08-01,160.8,1997,8
1997-07-01,160.5,1997,7
1997-06-01,160.3,1997,6
1997-05-01,160.1,1997,5
1997-04-01,160.2,1997,4
1997-03-01,160.0,1997,3
1997-02-01,159.6,1997,2
1997-01-01,159.1,1997,1
1996-12-01,158.6,1996,12
1996-11-01,158.6,1996,11
1996-10-01,158.3,1996,10
1996-09-01,157.8,1996,9
1996-08-01,157.3,1996,8
1996-07-01,157.0,1996,7
1996-06-01,156.7,1996,6
1996-05-01,156.6,1996,5
1996-04-01,156.3,1996,4
1996-03-01,155.7,1996,3
1996-02-01,154.9,1996,2
1996-01-01,154.4,1996,1
1995-12-01,153.5,1995,12
1995-11-01,153.6,1995,11
1995-10-01,153.7,1995,10
1995-09-01,153.2,1995,9
1995-08-01,152.9,1995,8
1995-07-01,152.5,1995,7
1995-06-01,152.5,1995,6
1995-05-01,152.2,1995,5
1995-04-01,151.9,1995,4
1995-03-01,151.4,1995,3
1995-02-01,150.9,1995,2
1995-01-01,150.3,1995,1
1994-12-01,149.7,1994,12
1994-11-01,149.7,1994,11
1994-10-01,149.5,1994,10
1994-09-01,149.4,1994,9
1994-08-01,149.0,1994,8
1994-07-01,148.4,1994,7
1994-06-01,148.0,1994,6
1994-05-01,147.5,1994,5
1994-04-01,147.4,1994,4
1994-03-01,147.2,1994,3
1994-02-01,146.7,1994,2
1994-01-01,146.2,1994,1
1993-12-01,145.8,1993,12
1993-11-01,145.8,1993,11
1993-10-01,145.7,1993,10
1993-09-01,145.1,1993,9
1993-08-01,144.8,1993,8
1993-07-01,144.4,1993,7
1993-06-01,144.4,1993,6
1993-05-01,144.2,1993,5
1993-04-01,144.0,1993,4
1993-03-01,143.6,1993,3
1993-02-01,143.1,1993,2
1993-01-01,142.6,1993,1
1992-12-01,141.9,1992,12
1992-11-01,142.0,1992,11
1992-10-01,141.8,1992,10
1992-09-01,141.3,1992,9
1992-08-01,140.9,1992,8
1992-07-01,140.5,1992,7
1992-06-01,140.2,1992,6
1992-05-01,139.7,1992,5
1992-04-01,139.5,1992,4
1992-03-01,139.3,1992,3
1992-02-01,138.6,1992,2
1992-01-01,138.1,1992,1
1991-12-01,137.9,1991,12
1991-11-01,137.8,1991,11
1991-10-01,137.4,1991,10
1991-09-01,137.2,1991,9
1991-08-01,136.6,1991,8
1991-07-01,136.2,1991,7
1991-06-01,136.0,1991,6
1991-05-01,135.6,1991,5
1991-04-01,135.2,1991,4
1991-03-01,135.0,1991,3
1991-02-01,134.8,1991,2
1991-01-01,134.6,1991,1
1990-12-01,133.8,1990,12
1990-11-01,133.8,1990,11
1990-10-01,133.5,1990,10
1990-09-01,132.7,1990,9
1990-08-01,131.6,1990,8
1990-07-01,130.4,1990,7
1990-06-01,129.9,1990,6
1990-05-01,129.2,1990,5
1990-04-01,128.9,1990,4
1990-03-01,128.7,1990,3
1990-02-01,128.0,1990,2
1990-01-01,127.4,1990,1
1989-12-01,126.1,1989,12
1989-11-01,125.9,1989,11
1989-10-01,125.6,1989,10
1989-09-01,125.0,1989,9
1989-08-01,124.6,1989,8
1989-07-01,124.4,1989,7
1989-06-01,124.1,1989,6
1989-05-01,123.8,1989,5
1989-04-01,123.1,1989,4
1989-03-01,122.3,1989,3
1989-02-01,121.6,1989,2
1989-01-01,121.1,1989,1
1988-12-01,120.5,1988,12
1988-11-01,120.3,1988,11
1988-10-01,120.2,1988,10
1988-09-01,119.8,1988,9
1988-08-01,119.0,1988,8
1988-07-01,118.5,1988,7
1988-06-01,118.0,1988,6
1988-05-01,117.5,1988,5
1988-04-01,117.1,1988,4
1988-03-01,116.5,1988,3
1988-02-01,116.0,1988,2
1988-01-01,115.7,1988,1
1987-12-01,115.4,1987,12
1987-11-01,115.4,1987,11
1987-10-01,115.3,1987,10
1987-09-01,115.0,1987,9
1987-08-01,114.4,1987,8
1987-07-01,113.8,1987,7
1987-06-01,113.5,1987,6
1987-05-01,113.1,1987,5
1987-04-01,112.7,1987,4
1987-03-01,112.1,1987,3
1987-02-01,111.6,1987,2
1987-01-01,111.2,1987,1
1986-12-01,110.5,1986,12
1986-11-01,110.4,1986,11
1986-10-01,110.3,1986,10
1986-09-01,110.2,1986,9
1986-08-01,109.7,1986,8
1986-07-01,109.5,1986,7
1986-06-01,109.5,1986,6
1986-05-01,108.9,1986,5
1986-04-01,108.6,1986,4
1986-03-01,108.8,1986,3
1986-02-01,109.3,1986,2
1986-01-01,109.6,1986,1
1985-12-01,109.3,1985,12
1985-11-01,109.0,1985,11
1985-10-01,108.7,1985,10
1985-09-01,108.3,1985,9
1985-08-01,108.0,1985,8
1985-07-01,107.8,1985,7
1985-06-01,107.6,1985,6
1985-05-01,107.3,1985,5
1985-04-01,106.9,1985,4
1985-03-01,106.4,1985,3
1985-02-01,106.0,1985,2
1985-01-01,105.5,1985,1
1984-12-01,105.3,1984,12
1984-11-01,105.3,1984,11
1984-10-01,105.3,1984,10
1984-09-01,105.0,1984,9
1984-08-01,104.5,1984,8
1984-07-01,104.1,1984,7
1984-06-01,103.7,1984,6
1984-05-01,103.4,1984,5
1984-04-01,103.1,1984,4
1984-03-01,102.6,1984,3
1984-02-01,102.4,1984,2
1984-01-01,101.9,1984,1
1983-12-01,101.3,1983,12
1983-11-01,101.2,1983,11
1983-10-01,101.0,1983,10
1983-09-01,100.7,1983,9
1983-08-01,100.2,1983,8
1983-07-01,99.9,1983,7
1983-06-01,99.5,1983,6
1983-05-01,99.2,1983,5
1983-04-01,98.6,1983,4
1983-03-01,97.9,1983,3
1983-02-01,97.9,1983,2
1983-01-01,97.8,1983,1
1982-12-01,97.6,1982,12
1982-11-01,98.0,1982,11
1982-10-01,98.2,1982,10
1982-09-01,97.9,1982,9
1982-08-01,97.7,1982,8
1982-07-01,97.5,1982,7
1982-06-01,97.0,1982,6
1982-05-01,95.8,1982,5
1982-04-01,94.9,1982,4
1982-03-01,94.5,1982,3
1982-02-01,94.6,1982,2
1982-01-01,94.3,1982,1
1981-12-01,94.0,1981,12
1981-11-01,93.7,1981,11
1981-10-01,93.4,1981,10
1981-09-01,93.2,1981,9
1981-08-01,92.3,1981,8
1981-07-01,91.6,1981,7
1981-06-01,90.6,1981,6
1981-05-01,89.8,1981,5
1981-04-01,89.1,1981,4
1981-03-01,88.5,1981,3
1981-02-01,87.9,1981,2
1981-01-01,87.0,1981,1
1980-12-01,86.3,1980,12
1980-11-01,85.5,1980,11
1980-10-01,84.8,1980,10
1980-09-01,84.0,1980,9
1980-08-01,83.3,1980,8
1980-07-01,82.7,1980,7
1980-06-01,82.7,1980,6
1980-05-01,81.8,1980,5
1980-04-01,81.0,1980,4
1980-03-01,80.1,1980,3
1980-02-01,78.9,1980,2
1980-01-01,77.8,1980,1
1979-12-01,76.7,1979,12
1979-11-01,75.9,1979,11
1979-10-01,75.2,1979,10
1979-09-01,74.6,1979,9
1979-08-01,73.8,1979,8
1979-07-01,73.1,1979,7
1979-06-01,72.3,1979,6
1979-05-01,71.5,1979,5
1979-04-01,70.6,1979,4
1979-03-01,69.8,1979,3
1979-02-01,69.1,1979,2
1979-01-01,68.3,1979,1
1978-12-01,67.7,1978,12
1978-11-01,67.4,1978,11
1978-10-01,67.1,1978,10
1978-09-01,66.5,1978,9
1978-08-01,66.0,1978,8
1978-07-01,65.7,1978,7
1978-06-01,65.2,1978,6
1978-05-01,64.5,1978,5
1978-04-01,63.9,1978,4
1978-03-01,63.4,1978,3
1978-02-01,62.9,1978,2
1978-01-01,62.5,1978,1
1977-12-01,62.1,1977,12
1977-11-01,61.9,1977,11
1977-10-01,61.6,1977,10
1977-09-01,61.4,1977,9
1977-08-01,61.2,1977,8
1977-07-01,61.0,1977,7
1977-06-01,60.7,1977,6
1977-05-01,60.3,1977,5
1977-04-01,60.0,1977,4
1977-03-01,59.5,1977,3
1977-02-01,59.1,1977,2
1977-01-01,58.5,1977,1
1976-12-01,58.2,1976,12
1976-11-01,58.0,1976,11
1976-10-01,57.9,1976,10
1976-09-01,57.6,1976,9
1976-08-01,57.4,1976,8
1976-07-01,57.1,1976,7
1976-06-01,56.8,1976,6
1976-05-01,56.5,1976,5
1976-04-01,56.1,1976,4
1976-03-01,55.9,1976,3
1976-02-01,55.8,1976,2
1976-01-01,55.6,1976,1
1975-12-01,55.5,1975,12
1975-11-01,55.3,1975,11
1975-10-01,54.9,1975,10
1975-09-01,54.6,1975,9
1975-08-01,54.3,1975,8
1975-07-01,54.2,1975,7
1975-06-01,53.6,1975,6
1975-05-01,53.2,1975,5
1975-04-01,52.9,1975,4
1975-03-01,52.7,1975,3
1975-02-01,52.5,1975,2
1975-01-01,52.1,1975,1
1974-12-01,51.9,1974,12
1974-11-01,51.5,1974,11
1974-10-01,51.1,1974,10
1974-09-01,50.6,1974,9
1974-08-01,50.0,1974,8
1974-07-01,49.4,1974,7
1974-06-01,49.0,1974,6
1974-05-01,48.6,1974,5
1974-04-01,48.0,1974,4
1974-03-01,47.8,1974,3
1974-02-01,47.2,1974,2
1974-01-01,46.6,1974,1
1973-12-01,46.2,1973,12
1973-11-01,45.9,1973,11
1973-10-01,45.6,1973,10
1973-09-01,45.2,1973,9
1973-08-01,45.1,1973,8
1973-07-01,44.3,1973,7
1973-06-01,44.2,1973,6
1973-05-01,43.9,1973,5
1973-04-01,43.6,1973,4
1973-03-01,43.3,1973,3
1973-02-01,42.9,1973,2
1973-01-01,42.6,1973,1
1972-12-01,42.5,1972,12
1972-11-01,42.4,1972,11
1972-10-01,42.3,1972,10
1972-09-01,42.1,1972,9
1972-08-01,42.0,1972,8
1972-07-01,41.9,1972,7
1972-06-01,41.7,1972,6
1972-05-01,41.6,1972,5
1972-04-01,41.5,1972,4
1972-03-01,41.4,1972,3
1972-02-01,41.3,1972,2
1972-01-01,41.1,1972,1
1971-12-01,41.1,1971,12
1971-11-01,40.9,1971,11
1971-10-01,40.9,1971,10
1971-09-01,40.8,1971,9
1971-08-01,40.8,1971,8
1971-07-01,40.7,1971,7
1971-06-01,40.6,1971,6
1971-05-01,40.3,1971,5
1971-04-01,40.1,1971,4
1971-03-01,40.0,1971,3
1971-02-01,39.9,1971,2
1971-01-01,39.8,1971,1
1970-12-01,39.8,1970,12
1970-11-01,39.6,1970,11
1970-10-01,39.4,1970,10
1970-09-01,39.2,1970,9
1970-08-01,39.0,1970,8
1970-07-01,39.0,1970,7
1970-06-01,38.8,1970,6
1970-05-01,38.6,1970,5
1970-04-01,38.5,1970,4
1970-03-01,38.2,1970,3
1970-02-01,38.0,1970,2
1970-01-01,37.8,1970,1
1969-12-01,37.7,1969,12
1969-11-01,37.5,1969,11
1969-10-01,37.3,1969,10
1969-09-01,37.1,1969,9
1969-08-01,37.0,1969,8
1969-07-01,36.8,1969,7
1969-06-01,36.6,1969,6
1969-05-01,36.4,1969,5
1969-04-01,36.3,1969,4
1969-03-01,36.1,1969,3
1969-02-01,35.8,1969,2
1969-01-01,35.6,1969,1
1968-12-01,35.5,1968,12
1968-11-01,35.4,1968,11
1968-10-01,35.3,1968,10
1968-09-01,35.1,1968,9
1968-08-01,35.0,1968,8
1968-07-01,34.9,1968,7
1968-06-01,34.7,1968,6
1968-05-01,34.5,1968,5
1968-04-01,34.4,1968,4
1968-03-01,34.3,1968,3
1968-02-01,34.2,1968,2
1968-01-01,34.1,1968,1
1967-12-01,33.9,1967,12
1967-11-01,33.8,1967,11
1967-10-01,33.7,1967,10
1967-09-01,33.6,1967,9
1967-08-01,33.5,1967,8
1967-07-01,33.4,1967,7
1967-06-01,33.3,1967,6
1967-05-01,33.2,1967,5
1967-04-01,33.1,1967,4
1967-03-01,33.0,1967,3
1967-02-01,32.9,1967,2
1967-01-01,32.9,1967,1
1966-12-01,32.9,1966,12
1966-11-01,32.9,1966,11
1966-10-01,32.9,1966,10
1966-09-01,32.7,1966,9
1966-08-01,32.7,1966,8
1966-07-01,32.5,1966,7
1966-06-01,32.4,1966,6
1966-05-01,32.3,1966,5
1966-04-01,32.3,1966,4
1966-03-01,32.1,1966,3
1966-02-01,32.0,1966,2
1966-01-01,31.8,1966,1
1965-12-01,31.8,1965,12
1965-11-01,31.7,1965,11
1965-10-01,31.7,1965,10
1965-09-01,31.6,1965,9
1965-08-01,31.6,1965,8
1965-07-01,31.6,1965,7
1965-06-01,31.6,1965,6
1965-05-01,31.4,1965,5
1965-04-01,31.4,1965,4
1965-03-01,31.3,1965,3
1965-02-01,31.2,1965,2
1965-01-01,31.2,1965,1
1964-12-01,31.2,1964,12
1964-11-01,31.2,1964,11
1964-10-01,31.1,1964,10
1964-09-01,31.1,1964,9
1964-08-01,31.0,1964,8
1964-07-01,31.1,1964,7
1964-06-01,31.0,1964,6
1964-05-01,30.9,1964,5
1964-04-01,30.9,1964,4
1964-03-01,30.9,1964,3
1964-02-01,30.9,1964,2
1964-01-01,30.9,1964,1
1963-12-01,30.9,1963,12
1963-11-01,30.8,1963,11
1963-10-01,30.8,1963,10
1963-09-01,30.7,1963,9
1963-08-01,30.7,1963,8
1963-07-01,30.7,1963,7
1963-06-01,30.6,1963,6
1963-05-01,30.5,1963,5
1963-04-01,30.5,1963,4
1963-03-01,30.5,1963,3
1963-02-01,30.4,1963,2
1963-01-01,30.4,1963,1
1962-12-01,30.4,1962,12
1962-11-01,30.4,1962,11
1962-10-01,30.4,1962,10
1962-09-01,30.4,1962,9
1962-08-01,30.3,1962,8
1962-07-01,30.3,1962,7
1962-06-01,30.2,1962,6
1962-05-01,30.2,1962,5
1962-04-01,30.2,1962,4
1962-03-01,30.1,1962,3
1962-02-01,30.1,1962,2
1962-01-01,30.0,1962,1
1961-12-01,30.0,1961,12
1961-11-01,30.0,1961,11
1961-10-01,30.0,1961,10
1961-09-01,30.0,1961,9
1961-08-01,29.9,1961,8
1961-07-01,30.0,1961,7
1961-06-01,29.8,1961,6
1961-05-01,29.8,1961,5
1961-04-01,29.8,1961,4
1961-03-01,29.8,1961,3
1961-02-01,29.8,1961,2
1961-01-01,29.8,1961,1
1960-12-01,29.8,1960,12
1960-11-01,29.8,1960,11
1960-10-01,29.8,1960,10
1960-09-01,29.6,1960,9
1960-08-01,29.6,1960,8
1960-07-01,29.6,1960,7
1960-06-01,29.6,1960,6
1960-05-01,29.5,1960,5
1960-04-01,29.5,1960,4
1960-03-01,29.4,1960,3
1960-02-01,29.4,1960,2
1960-01-01,29.3,1960,1
1959-12-01,29.4,1959,12
1959-11-01,29.4,1959,11
1959-10-01,29.4,1959,10
1959-09-01,29.3,1959,9
1959-08-01,29.2,1959,8
1959-07-01,29.2,1959,7
1959-06-01,29.1,1959,6
1959-05-01,29.0,1959,5
1959-04-01,29.0,1959,4
1959-03-01,28.9,1959,3
1959-02-01,28.9,1959,2
1959-01-01,29.0,1959,1
1958-12-01,28.9,1958,12
1958-11-01,29.0,1958,11
1958-10-01,28.9,1958,10
1958-09-01,28.9,1958,9
1958-08-01,28.9,1958,8
1958-07-01,29.0,1958,7
1958-06-01,28.9,1958,6
1958-05-01,28.9,1958,5
1958-04-01,28.9,1958,4
1958-03-01,28.8,1958,3
1958-02-01,28.6,1958,2
1958-01-01,28.6,1958,1
1957-12-01,28.4,1957,12
1957-11-01,28.4,1957,11
1957-10-01,28.3,1957,10
1957-09-01,28.3,1957,9
1957-08-01,28.3,1957,8
1957-07-01,28.3,1957,7
1957-06-01,28.1,1957,6
1957-05-01,28.0,1957,5
1957-04-01,27.9,1957,4
1957-03-01,27.8,1957,3
1957-02-01,27.7,1957,2
1957-01-01,27.6,1957,1
1956-12-01,27.6,1956,12
1956-11-01,27.5,1956,11
1956-10-01,27.5,1956,10
1956-09-01,27.4,1956,9
1956-08-01,27.3,1956,8
1956-07-01,27.4,1956,7
1956-06-01,27.2,1956,6
1956-05-01,27.0,1956,5
1956-04-01,26.9,1956,4
1956-03-01,26.8,1956,3
1956-02-01,26.8,1956,2
1956-01-01,26.8,1956,1
1955-12-01,26.8,1955,12
1955-11-01,26.9,1955,11
1955-10-01,26.9,1955,10
1955-09-01,26.9,1955,9
1955-08-01,26.8,1955,8
1955-07-01,26.8,1955,7
1955-06-01,26.7,1955,6
1955-05-01,26.7,1955,5
1955-04-01,26.7,1955,4
1955-03-01,26.7,1955,3
1955-02-01,26.7,1955,2
1955-01-01,26.7,1955,1
1954-12-01,26.7,1954,12
1954-11-01,26.8,1954,11
1954-10-01,26.8,1954,10
1954-09-01,26.8,1954,9
1954-08-01,26.9,1954,8
1954-07-01,26.9,1954,7
1954-06-01,26.9,1954,6
1954-05-01,26.9,1954,5
1954-04-01,26.8,1954,4
1954-03-01,26.9,1954,3
1954-02-01,26.9,1954,2
1954-01-01,26.9,1954,1
1953-12-01,26.9,1953,12
1953-11-01,26.9,1953,11
1953-10-01,27.0,1953,10
1953-09-01,26.9,1953,9
1953-08-01,26.9,1953,8
1953-07-01,26.8,1953,7
1953-06-01,26.8,1953,6
1953-05-01,26.7,1953,5
1953-04-01,26.6,1953,4
1953-03-01,26.6,1953,3
1953-02-01,26.5,1953,2
1953-01-01,26.6,1953,1
1952-12-01,26.7,1952,12
1952-11-01,26.7,1952,11
1952-10-01,26.7,1952,10
1952-09-01,26.7,1952,9
1952-08-01,26.7,1952,8
1952-07-01,26.7,1952,7
1952-06-01,26.5,1952,6
1952-05-01,26.4,1952,5
1952-04-01,26.4,1952,4
1952-03-01,26.3,1952,3
1952-02-01,26.3,1952,2
1952-01-01,26.5,1952,1
1951-12-01,26.5,1951,12
1951-11-01,26.4,1951,11
1951-10-01,26.2,1951,10
1951-09-01,26.1,1951,9
1951-08-01,25.9,1951,8
1951-07-01,25.9,1951,7
1951-06-01,25.9,1951,6
1951-05-01,25.9,1951,5
1951-04-01,25.8,1951,4
1951-03-01,25.8,1951,3
1951-02-01,25.7,1951,2
1951-01-01,25.4,1951,1
1950-12-01,25.0,1950,12
1950-11-01,24.7,1950,11
1950-10-01,24.6,1950,10
1950-09-01,24.4,1950,9
1950-08-01,24.3,1950,8
1950-07-01,24.1,1950,7
1950-06-01,23.8,1950,6
1950-05-01,23.7,1950,5
1950-04-01,23.6,1950,4
1950-03-01,23.6,1950,3
1950-02-01,23.5,1950,2
1950-01-01,23.5,1950,1
1949-12-01,23.6,1949,12
1949-11-01,23.8,1949,11
1949-10-01,23.7,1949,10
1949-09-01,23.9,1949,9
1949-08-01,23.8,1949,8
1949-07-01,23.7,1949,7
1949-06-01,23.9,1949,6
1949-05-01,23.8,1949,5
1949-04-01,23.9,1949,4
1949-03-01,23.8,1949,3
1949-02-01,23.8,1949,2
1949-01-01,24.0,1949,1
1948-12-01,24.1,1948,12
1948-11-01,24.2,1948,11
1948-10-01,24.4,1948,10
1948-09-01,24.5,1948,9
1948-08-01,24.5,1948,8
1948-07-01,24.4,1948,7
1948-06-01,24.1,1948,6
1948-05-01,23.9,1948,5
1948-04-01,23.8,1948,4
1948-03-01,23.4,1948,3
1948-02-01,23.5,1948,2
1948-01-01,23.7,1948,1
1947-12-01,23.4,1947,12
1947-11-01,23.1,1947,11
1947-10-01,23.0,1947,10
1947-09-01,23.0,1947,9
1947-08-01,22.5,1947,8
1947-07-01,22.2,1947,7
1947-06-01,22.0,1947,6
1947-05-01,21.9,1947,5
1947-04-01,21.9,1947,4
1947-03-01,21.9,1947,3
1947-02-01,21.5,1947,2
1947-01-01,21.5,1947,1
1946-12-01,21.5,1946,12
1946-11-01,21.3,1946,11
1946-10-01,20.8,1946,10
1946-09-01,20.4,1946,9
1946-08-01,20.2,1946,8
1946-07-01,19.8,1946,7
1946-06-01,18.7,1946,6
1946-05-01,18.5,1946,5
1946-04-01,18.4,1946,4
1946-03-01,18.3,1946,3
1946-02-01,18.1,1946,2
1946-01-01,18.2,1946,1
1945-12-01,18.2,1945,12
1945-11-01,18.1,1945,11
1945-10-01,18.1,1945,10
1945-09-01,18.1,1945,9
1945-08-01,18.1,1945,8
1945-07-01,18.1,1945,7
1945-06-01,18.1,1945,6
1945-05-01,17.9,1945,5
1945-04-01,17.8,1945,4
1945-03-01,17.8,1945,3
1945-02-01,17.8,1945,2
1945-01-01,17.8,1945,1
1944-12-01,17.8,1944,12
1944-11-01,17.7,1944,11
1944-10-01,17.7,1944,10
1944-09-01,17.7,1944,9
1944-08-01,17.7,1944,8
1944-07-01,17.7,1944,7
1944-06-01,17.6,1944,6
1944-05-01,17.5,1944,5
1944-04-01,17.5,1944,4
1944-03-01,17.4,1944,3
1944-02-01,17.4,1944,2
1944-01-01,17.4,1944,1
1943-12-01,17.4,1943,12
1943-11-01,17.4,1943,11
1943-10-01,17.4,1943,10
1943-09-01,17.4,1943,9
1943-08-01,17.3,1943,8
1943-07-01,17.4,1943,7
1943-06-01,17.5,1943,6
1943-05-01,17.5,1943,5
1943-04-01,17.4,1943,4
1943-03-01,17.2,1943,3
1943-02-01,16.9,1943,2
1943-01-01,16.9,1943,1
1942-12-01,16.9,1942,12
1942-11-01,16.8,1942,11
1942-10-01,16.7,1942,10
1942-09-01,16.5,1942,9
1942-08-01,16.5,1942,8
1942-07-01,16.4,1942,7
1942-06-01,16.3,1942,6
1942-05-01,16.3,1942,5
1942-04-01,16.1,1942,4
1942-03-01,16,1942,3
1942-02-01,15.8,1942,2
1942-01-01,15.7,1942,1
1941-12-01,15.5,1941,12
1941-11-01,15.4,1941,11
1941-10-01,15.3,1941,10
1941-09-01,15.1,1941,9
1941-08-01,14.9,1941,8
1941-07-01,14.7,1941,7
1941-06-01,14.7,1941,6
1941-05-01,14.4,1941,5
1941-04-01,14.3,1941,4
1941-03-01,14.2,1941,3
1941-02-01,14.1,1941,2
1941-01-01,14.1,1941,1
1940-12-01,14.1,1940,12
1940-11-01,14,1940,11
1940-10-01,14,1940,10
1940-09-01,14,1940,9
1940-08-01,14,1940,8
1940-07-01,14,1940,7
1940-06-01,14.1,1940,6
1940-05-01,14,1940,5
1940-04-01,14,1940,4
1940-03-01,14,1940,3
1940-02-01,14,1940,2
1940-01-01,13.9,1940,1
1939-12-01,14,1939,12
1939-11-01,14,1939,11
1939-10-01,14,1939,10
1939-09-01,14.1,1939,9
1939-08-01,13.8,1939,8
1939-07-01,13.8,1939,7
1939-06-01,13.8,1939,6
1939-05-01,13.8,1939,5
1939-04-01,13.8,1939,4
1939-03-01,13.9,1939,3
1939-02-01,13.9,1939,2
1939-01-01,14,1939,1
1938-12-01,14,1938,12
1938-11-01,14,1938,11
1938-10-01,14,1938,10
1938-09-01,14.1,1938,9
1938-08-01,14.1,1938,8
1938-07-01,14.1,1938,7
1938-06-01,14.1,1938,6
1938-05-01,14.1,1938,5
1938-04-01,14.2,1938,4
1938-03-01,14.1,1938,3
1938-02-01,14.1,1938,2
1938-01-01,14.2,1938,1
1937-12-01,14.4,1937,12
1937-11-01,14.5,1937,11
1937-10-01,14.6,1937,10
1937-09-01,14.6,1937,9
1937-08-01,14.5,1937,8
1937-07-01,14.5,1937,7
1937-06-01,14.4,1937,6
1937-05-01,14.4,1937,5
1937-04-01,14.3,1937,4
1937-03-01,14.2,1937,3
1937-02-01,14.1,1937,2
1937-01-01,14.1,1937,1
1936-12-01,14,1936,12
1936-11-01,14,1936,11
1936-10-01,14,1936,10
1936-09-01,14,1936,9
1936-08-01,14,1936,8
1936-07-01,13.9,1936,7
1936-06-01,13.8,1936,6
1936-05-01,13.7,1936,5
1936-04-01,13.7,1936,4
1936-03-01,13.7,1936,3
1936-02-01,13.8,1936,2
1936-01-01,13.8,1936,1
1935-12-01,13.8,1935,12
1935-11-01,13.8,1935,11
1935-10-01,13.7,1935,10
1935-09-01,13.7,1935,9
1935-08-01,13.7,1935,8
1935-07-01,13.7,1935,7
1935-06-01,13.7,1935,6
1935-05-01,13.8,1935,5
1935-04-01,13.8,1935,4
1935-03-01,13.7,1935,3
1935-02-01,13.7,1935,2
1935-01-01,13.6,1935,1
1934-12-01,13.4,1934,12
1934-11-01,13.5,1934,11
1934-10-01,13.5,1934,10
1934-09-01,13.6,1934,9
1934-08-01,13.4,1934,8
1934-07-01,13.4,1934,7
1934-06-01,13.4,1934,6
1934-05-01,13.3,1934,5
1934-04-01,13.3,1934,4
1934-03-01,13.3,1934,3
1934-02-01,13.3,1934,2
1934-01-01,13.2,1934,1
1933-12-01,13.2,1933,12
1933-11-01,13.2,1933,11
1933-10-01,13.2,1933,10
1933-09-01,13.2,1933,9
1933-08-01,13.2,1933,8
1933-07-01,13.1,1933,7
1933-06-01,12.7,1933,6
1933-05-01,12.6,1933,5
1933-04-01,12.6,1933,4
1933-03-01,12.6,1933,3
1933-02-01,12.7,1933,2
1933-01-01,12.9,1933,1
1932-12-01,13.1,1932,12
1932-11-01,13.2,1932,11
1932-10-01,13.3,1932,10
1932-09-01,13.4,1932,9
1932-08-01,13.5,1932,8
1932-07-01,13.6,1932,7
1932-06-01,13.6,1932,6
1932-05-01,13.7,1932,5
1932-04-01,13.9,1932,4
1932-03-01,14,1932,3
1932-02-01,14.1,1932,2
1932-01-01,14.3,1932,1
1931-12-01,14.6,1931,12
1931-11-01,14.7,1931,11
1931-10-01,14.9,1931,10
1931-09-01,15,1931,9
1931-08-01,15.1,1931,8
1931-07-01,15.1,1931,7
1931-06-01,15.1,1931,6
1931-05-01,15.3,1931,5
1931-04-01,15.5,1931,4
1931-03-01,15.6,1931,3
1931-02-01,15.7,1931,2
1931-01-01,15.9,1931,1
1930-12-01,16.1,1930,12
1930-11-01,16.4,1930,11
1930-10-01,16.5,1930,10
1930-09-01,16.6,1930,9
1930-08-01,16.5,1930,8
1930-07-01,16.6,1930,7
1930-06-01,16.8,1930,6
1930-05-01,16.9,1930,5
1930-04-01,17,1930,4
1930-03-01,16.9,1930,3
1930-02-01,17,1930,2
1930-01-01,17.1,1930,1
1929-12-01,17.2,1929,12
1929-11-01,17.3,1929,11
1929-10-01,17.3,1929,10
1929-09-01,17.3,1929,9
1929-08-01,17.3,1929,8
1929-07-01,17.3,1929,7
1929-06-01,17.1,1929,6
1929-05-01,17,1929,5
1929-04-01,16.9,1929,4
1929-03-01,17,1929,3
1929-02-01,17.1,1929,2
1929-01-01,17.1,1929,1
1928-12-01,17.1,1928,12
1928-11-01,17.2,1928,11
1928-10-01,17.2,1928,10
1928-09-01,17.3,1928,9
1928-08-01,17.1,1928,8
1928-07-01,17.1,1928,7
1928-06-01,17.1,1928,6
1928-05-01,17.2,1928,5
1928-04-01,17.1,1928,4
1928-03-01,17.1,1928,3
1928-02-01,17.1,1928,2
1928-01-01,17.3,1928,1
1927-12-01,17.3,1927,12
1927-11-01,17.3,1927,11
1927-10-01,17.4,1927,10
1927-09-01,17.3,1927,9
1927-08-01,17.2,1927,8
1927-07-01,17.3,1927,7
1927-06-01,17.6,1927,6
1927-05-01,17.4,1927,5
1927-04-01,17.3,1927,4
1927-03-01,17.3,1927,3
1927-02-01,17.4,1927,2
1927-01-01,17.5,1927,1
1926-12-01,17.7,1926,12
1926-11-01,17.7,1926,11
1926-10-01,17.6,1926,10
1926-09-01,17.5,1926,9
1926-08-01,17.4,1926,8
1926-07-01,17.5,1926,7
1926-06-01,17.7,1926,6
1926-05-01,17.8,1926,5
1926-04-01,17.9,1926,4
1926-03-01,17.8,1926,3
1926-02-01,17.9,1926,2
1926-01-01,17.9,1926,1
1925-12-01,17.9,1925,12
1925-11-01,18,1925,11
1925-10-01,17.7,1925,10
1925-09-01,17.7,1925,9
1925-08-01,17.7,1925,8
1925-07-01,17.7,1925,7
1925-06-01,17.5,1925,6
1925-05-01,17.3,1925,5
1925-04-01,17.2,1925,4
1925-03-01,17.3,1925,3
1925-02-01,17.2,1925,2
1925-01-01,17.3,1925,1
1924-12-01,17.3,1924,12
1924-11-01,17.2,1924,11
1924-10-01,17.2,1924,10
1924-09-01,17.1,1924,9
1924-08-01,17,1924,8
1924-07-01,17.1,1924,7
1924-06-01,17,1924,6
1924-05-01,17,1924,5
1924-04-01,17,1924,4
1924-03-01,17.1,1924,3
1924-02-01,17.2,1924,2
1924-01-01,17.3,1924,1
1923-12-01,17.3,1923,12
1923-11-01,17.3,1923,11
1923-10-01,17.3,1923,10
1923-09-01,17.2,1923,9
1923-08-01,17.1,1923,8
1923-07-01,17.2,1923,7
1923-06-01,17,1923,6
1923-05-01,16.9,1923,5
1923-04-01,16.9,1923,4
1923-03-01,16.8,1923,3
1923-02-01,16.8,1923,2
1923-01-01,16.8,1923,1
1922-12-01,16.9,1922,12
1922-11-01,16.8,1922,11
1922-10-01,16.7,1922,10
1922-09-01,16.6,1922,9
1922-08-01,16.6,1922,8
1922-07-01,16.8,1922,7
1922-06-01,16.7,1922,6
1922-05-01,16.7,1922,5
1922-04-01,16.7,1922,4
1922-03-01,16.7,1922,3
1922-02-01,16.9,1922,2
1922-01-01,16.9,1922,1
1921-12-01,17.3,1921,12
1921-11-01,17.4,1921,11
1921-10-01,17.5,1921,10
1921-09-01,17.5,1921,9
1921-08-01,17.7,1921,8
1921-07-01,17.7,1921,7
1921-06-01,17.6,1921,6
1921-05-01,17.7,1921,5
1921-04-01,18.1,1921,4
1921-03-01,18.3,1921,3
1921-02-01,18.4,1921,2
1921-01-01,19,1921,1
1920-12-01,19.400,1920,12
1920-11-01,19.800,1920,11
1920-10-01,19.900,1920,10
1920-09-01,20.000,1920,9
1920-08-01,20.300,1920,8
1920-07-01,20.800,1920,7
1920-06-01,20.900,1920,6
1920-05-01,20.600,1920,5
1920-04-01,20.300,1920,4
1920-03-01,19.700,1920,3
1920-02-01,19.500,1920,2
1920-01-01,19.300,1920,1
1919-12-01,18.900,1919,12
1919-11-01,18.500,1919,11
1919-10-01,18.100,1919,10
1919-09-01,17.800,1919,9
1919-08-01,17.700,1919,8
1919-07-01,17.400,1919,7
1919-06-01,16.900,1919,6
1919-05-01,16.900,1919,5
1919-04-01,16.700,1919,4
1919-03-01,16.400,1919,3
1919-02-01,16.200,1919,2
1919-01-01,16.500,1919,1
1918-12-01,16.500,1918,12
1918-11-01,16.300,1918,11
1918-10-01,16.000,1918,10
1918-09-01,15.700,1918,9
1918-08-01,15.400,1918,8
1918-07-01,15.100,1918,7
1918-06-01,14.700,1918,6
1918-05-01,14.500,1918,5
1918-04-01,14.200,1918,4
1918-03-01,14.000,1918,3
1918-02-01,14.100,1918,2
1918-01-01,14.000,1918,1
1917-12-01,13.700,1917,12
1917-11-01,13.500,1917,11
1917-10-01,13.500,1917,10
1917-09-01,13.300,1917,9
1917-08-01,13.000,1917,8
1917-07-01,12.800,1917,7
1917-06-01,13.000,1917,6
1917-05-01,12.800,1917,5
1917-04-01,12.600,1917,4
1917-03-01,12.000,1917,3
1917-02-01,12.000,1917,2
1917-01-01,11.700,1917,1
1916-12-01,11.600,1916,12
1916-11-01,11.500,1916,11
1916-10-01,11.300,1916,10
1916-09-01,11.100,1916,9
1916-08-01,10.900,1916,8
1916-07-01,10.800,1916,7
1916-06-01,10.800,1916,6
1916-05-01,10.700,1916,5
1916-04-01,10.600,1916,4
1916-03-01,10.500,1916,3
1916-02-01,10.400,1916,2
1916-01-01,10.400,1916,1
1915-12-01,10.300,1915,12
1915-11-01,10.300,1915,11
1915-10-01,10.200,1915,10
1915-09-01,10.100,1915,9
1915-08-01,10.100,1915,8
1915-07-01,10.100,1915,7
1915-06-01,10.100,1915,6
1915-05-01,10.100,1915,5
1915-04-01,10.000,1915,4
1915-03-01,9.900,1915,3
1915-02-01,10.000,1915,2
1915-01-01,10.100,1915,1
1914-12-01,10.100,1914,12
1914-11-01,10.200,1914,11
1914-10-01,10.100,1914,10
1914-09-01,10.200,1914,9
1914-08-01,10.200,1914,8
1914-07-01,10.000,1914,7
1914-06-01,9.900,1914,6
1914-05-01,9.900,1914,5
1914-04-01,9.800,1914,4
1914-03-01,9.900,1914,3
1914-02-01,9.900,1914,2
1914-01-01,10.000,1914,1
1913-12-01,10.000,1913,12
1913-11-01,10.100,1913,11
1913-10-01,10.000,1913,10
1913-09-01,10.000,1913,9
1913-08-01,9.900,1913,8
1913-07-01,9.900,1913,7
1913-06-01,9.800,1913,6
1913-05-01,9.700,1913,5
1913-04-01,9.800,1913,4
1913-03-01,9.800,1913,3
1913-02-01,9.800,1913,2
1913-01-01,9.800,1913,1
